{
  "model_config": {
    "vocab_size": 20000,
    "embedding_dim": 100,
    "hidden_dim": 192,
    "num_layers": 1,
    "num_classes": 4,
    "max_len": 60,
    "batch_size": 128,
    "learning_rate": 0.0005,
    "weight_decay": 0.0001,
    "dropout_rate": 0.3,
    "num_epochs": 20,
    "total_parameters": 2501380
  },
  "training_history": {
    "train_loss": [
      1.3643122191429138,
      1.334318172931671,
      1.323741332213084,
      1.3151959818204244,
      1.1330128554503123,
      0.6991828196048736,
      0.5766563390096029,
      0.5376761015256246,
      0.43596116703748705,
      0.31328123819828035,
      0.2714484559794267,
      0.25229902657866476,
      0.23631145401795706,
      0.22115691036979357,
      0.21211182952920596,
      0.20358847333987554,
      0.19456051775316396,
      0.18889155463377635,
      0.1874033413976431,
      0.1810309625118971
    ],
    "val_loss": [
      1.3419995663013864,
      1.3276493086459789,
      1.3107778867508502,
      1.3043653685995873,
      0.9045274023045885,
      0.6214995598222347,
      0.5754257186930231,
      0.5440688496257396,
      0.3864854654257602,
      0.3335617653867032,
      0.3263710837097878,
      0.324166596332129,
      0.32297783677882336,
      0.34644699960629993,
      0.32061797649936474,
      0.3368275662923747,
      0.31773382496643576,
      0.3493929273904638,
      0.3505424127141212,
      0.33993118882496304
    ],
    "train_acc": [
      0.29735416666666664,
      0.3406458333333333,
      0.34903125,
      0.3533541666666667,
      0.43266666666666664,
      0.6543645833333334,
      0.6937708333333333,
      0.7103958333333333,
      0.8187604166666667,
      0.9002291666666666,
      0.9162916666666666,
      0.9236354166666667,
      0.928875,
      0.9335208333333334,
      0.9359895833333334,
      0.9391354166666667,
      0.9422395833333334,
      0.9446145833333334,
      0.9438333333333333,
      0.9463958333333333
    ],
    "val_acc": [
      0.342,
      0.33795833333333336,
      0.3637916666666667,
      0.36933333333333335,
      0.5424166666666667,
      0.6744583333333334,
      0.698125,
      0.7239166666666667,
      0.8814166666666666,
      0.8948333333333334,
      0.8992083333333334,
      0.9002916666666667,
      0.9003333333333333,
      0.8995833333333333,
      0.9046666666666666,
      0.8985,
      0.9017083333333333,
      0.901625,
      0.899875,
      0.9042916666666667
    ]
  },
  "test_results": {
    "test_accuracy": 0.8939473684210526,
    "best_val_accuracy": 0.9046666666666666,
    "best_epoch": 15,
    "macro_f1": 0.8936455301839024,
    "weighted_f1": 0.8936455301839024
  },
  "per_class_performance": [
    {
      "class": "World",
      "precision": 0.9087003222341569,
      "recall": 0.8905263157894737,
      "f1": 0.8995215311004785,
      "support": 1900.0
    },
    {
      "class": "Sports",
      "precision": 0.9463641052088706,
      "recall": 0.9657894736842105,
      "f1": 0.9559781193019016,
      "support": 1900.0
    },
    {
      "class": "Business",
      "precision": 0.8875570776255708,
      "recall": 0.8184210526315789,
      "f1": 0.8515881708652793,
      "support": 1900.0
    },
    {
      "class": "Science & Technology",
      "precision": 0.8363458720078163,
      "recall": 0.9010526315789473,
      "f1": 0.8674942994679503,
      "support": 1900.0
    }
  ]
}